-- phpMyAdmin SQL Dump
-- version 4.9.1
-- https://www.phpmyadmin.net/
--
-- Host: 127.0.0.1
-- Generation Time: Jul 16, 2021 at 01:53 PM
-- Server version: 10.4.8-MariaDB
-- PHP Version: 7.3.11

SET SQL_MODE = "NO_AUTO_VALUE_ON_ZERO";
SET AUTOCOMMIT = 0;
START TRANSACTION;
SET time_zone = "+00:00";


/*!40101 SET @OLD_CHARACTER_SET_CLIENT=@@CHARACTER_SET_CLIENT */;
/*!40101 SET @OLD_CHARACTER_SET_RESULTS=@@CHARACTER_SET_RESULTS */;
/*!40101 SET @OLD_COLLATION_CONNECTION=@@COLLATION_CONNECTION */;
/*!40101 SET NAMES utf8mb4 */;

--
-- Database: `crepehut`
--

-- --------------------------------------------------------

--
-- Table structure for table `admins`
--

CREATE TABLE `admins` (
  `username` varchar(100) NOT NULL,
  `password` varchar(100) NOT NULL
) ENGINE=InnoDB DEFAULT CHARSET=utf8mb4;

--
-- Dumping data for table `admins`
--

INSERT INTO `admins` (`username`, `password`) VALUES
('fady', '1');

-- --------------------------------------------------------

--
-- Table structure for table `cashiers`
--

CREATE TABLE `cashiers` (
  `cashier_id` int(11) NOT NULL,
  `cashier_name` varchar(100) NOT NULL,
  `cashier_phone` varchar(50) NOT NULL,
  `cashier_address` varchar(200) NOT NULL,
  `cashier_email` varchar(100) NOT NULL,
  `cashier_password` varchar(100) NOT NULL,
  `cashier_state` tinyint(1) NOT NULL DEFAULT 0
) ENGINE=InnoDB DEFAULT CHARSET=utf8mb4;

--
-- Dumping data for table `cashiers`
--

INSERT INTO `cashiers` (`cashier_id`, `cashier_name`, `cashier_phone`, `cashier_address`, `cashier_email`, `cashier_password`, `cashier_state`) VALUES
(1, 'فادي', '01282106151', 'طنطا', 'a', 'a', 0),
(40, 'احمد محمد', '01001213423', 'طنطا', 'amer', 'amer', 0),
(41, 'خالد', '021323', 'فش', 'qwe', 'qwe', 0);

-- --------------------------------------------------------

--
-- Table structure for table `clients`
--

CREATE TABLE `clients` (
  `client_id` int(11) NOT NULL,
  `client_name` varchar(100) NOT NULL,
  `client_phone` varchar(50) NOT NULL,
  `client_address` varchar(200) NOT NULL,
  `client_notes` varchar(300) NOT NULL
) ENGINE=InnoDB DEFAULT CHARSET=utf8mb4;

--
-- Dumping data for table `clients`
--

INSERT INTO `clients` (`client_id`, `client_name`, `client_phone`, `client_address`, `client_notes`) VALUES
(22, 'سيد مختار النجار', '01271784980', 'بجوار مخزن الانابيب', ''),
(23, 'تامر باشا', '01211924673', 'ماركت باشا بجوار بنزينه رجب', 'لا'),
(24, 'احمد فيصل', '01201913634', '', ''),
(25, 'ايه عيد', '0142323134', 'بجوار معهد الفتيات عند مصنع جمال خفاحي', ''),
(28, 'ابراهيم سمير', '01274251255', 'طريق الكتان', ''),
(29, 'محمد محسن', '01284769595', 'صيدليه الدكتور احمد محسن', ''),
(30, 'لوئ عبعزيز', '01227039441', 'صيدليه صلاح دياب', ''),
(31, 'احمد', '01286218624', 'شبسي لا', ''),
(33, 'لوئ عبدالعزيز خالد', '01227039441', 'صيدليه صلاح دياب', ''),
(36, 'عامر متولي', '01121213', 'دمنهور باب اللوء الدور التاني شارع الحوامديه بالدقهليه جيزه مركز شباب ابو خالد الدالي عماره اتنين شقه 111الدور التاني', 'لا'),
(39, '', '', '', ''),
(40, 'احمد زكي', '', '', ''),
(41, 'احمد', '01286218624', 'محمد السباخي', ''),
(43, 'خالد العتربي', '012223223', '', ''),
(44, 'محمود', '134234234', 'نسيلتلنم', ''),
(45, 'الدسوقي خالد', '0123434334', 'المنصوره سيتي', ''),
(46, 'عامر', '012122212', '', ''),
(47, 'احمد', '', '', ''),
(49, 'سيد', '', '', '');

-- --------------------------------------------------------

--
-- Table structure for table `dates`
--

CREATE TABLE `dates` (
  `order_id` int(11) NOT NULL,
  `order_date` varchar(100) NOT NULL,
  `client_id` int(11) DEFAULT NULL,
  `cashier_id` int(11) NOT NULL,
  `order_egmaly` float NOT NULL DEFAULT 0,
  `order_service` int(11) NOT NULL DEFAULT 0,
  `order_total` float DEFAULT 0,
  `order_time` time NOT NULL DEFAULT current_timestamp()
) ENGINE=InnoDB DEFAULT CHARSET=utf8mb4;

--
-- Dumping data for table `dates`
--

INSERT INTO `dates` (`order_id`, `order_date`, `client_id`, `cashier_id`, `order_egmaly`, `order_service`, `order_total`, `order_time`) VALUES
(1, '16 يوليو 2021', NULL, 1, 50, 0, 50, '13:40:18'),
(2, '16 يوليو 2021', 33, 1, 74, 20, 94, '13:40:32'),
(3, '16 يوليو 2021', NULL, 1, 70, 0, 70, '13:40:41'),
(4, '16 يوليو 2021', 33, 1, 70, 0, 70, '13:40:48'),
(5, '16 يوليو 2021', NULL, 1, 78, 0, 78, '13:46:04'),
(6, '16 يوليو 2021', NULL, 1, 48, 0, 48, '13:46:30'),
(7, '16 يوليو 2021', NULL, 1, 107, 0, 107, '13:46:39'),
(8, '16 يوليو 2021', NULL, 1, 121, 0, 121, '13:46:54'),
(9, '16 يوليو 2021', 49, 1, 35, 0, 35, '13:47:58');

-- --------------------------------------------------------

--
-- Table structure for table `items`
--

CREATE TABLE `items` (
  `item_id` int(11) NOT NULL,
  `item_name` varchar(100) NOT NULL,
  `item_size` varchar(50) NOT NULL,
  `item_cost` float NOT NULL
) ENGINE=InnoDB DEFAULT CHARSET=utf8mb4;

--
-- Dumping data for table `items`
--

INSERT INTO `items` (`item_id`, `item_name`, `item_size`, `item_cost`) VALUES
(1, 'كريب شيش طاووق', '', 25),
(2, 'كريب شنغهاي', '', 25),
(3, 'كريب كوردن بلو', '', 25),
(4, 'كريب فاهيتا فراخ', '', 26),
(5, 'كريب سوبر كرانشي', '', 24),
(6, 'كريب مشوي صدور', '', 25),
(7, 'كريب بانيه', '', 23),
(8, 'كريب زنجر سوبريم', '', 25),
(9, 'كريب كونو بيتزا', '', 28),
(10, 'كريب كونو', '', 25),
(11, 'كريب ايطاليانو', '', 26),
(12, 'كريب كرسبي', '', 23),
(13, 'كريب شاورما فراخ', ' ', 25),
(14, 'كريب فرايداي', '', 22),
(15, 'كريب العالمي', '', 25),
(16, 'كريب كوكتيل فراخ', '', 24),
(17, 'كريب مشكل ميكس', '', 23),
(18, 'كريب جوليانو', '', 20),
(19, 'كريب فراخ ميكس', '', 19),
(20, 'كريب الجحيم', '', 25),
(21, 'كريب توربيني فراخ', '', 25),
(22, 'اضافه فراخ', '', 5),
(23, 'اضافه مشروم', '', 5),
(24, 'باكيت بطاطس', '', 5),
(25, 'كريب سجق', '', 18),
(26, 'كريب كفته', '', 15),
(27, 'كريب سوسيس', '', 15),
(28, 'كريب شاورما لحم', '', 25),
(29, 'كريب برجر', '', 17),
(30, 'كريب ميكسيكانو', '', 23),
(31, 'كريب كوكتيل لحم', '', 27),
(32, 'كريب توربيني لحم', '', 25),
(33, 'كريب سوبر دويتو لحوم', '', 21),
(34, 'كريب ميكس شاورما', '', 25),
(35, 'كريب مشروم', '', 20),
(36, 'اضافه لحم', '', 5),
(37, 'كريب جمبري مشوي', '', 33),
(38, 'كريب سي فود بلاس', '', 38),
(39, 'اضافه جبن', '', 5),
(40, 'كريب ميكس جبن بالبسطرمه', '', 20),
(41, 'كريب مشكل جبن', '', 17),
(42, 'كريب جبنه رومي', '', 15),
(43, 'اضافه بوم فريت', '', 5),
(44, 'كريب بطاطس شيدر', '', 15),
(45, 'كريب بطاطس', '', 12),
(46, 'كريب شيكولاته اوريو', '', 10),
(47, 'كريب شيكولاته هوهوز', '', 15),
(48, 'كريب شيكولاته ', '', 10),
(49, 'اضافه شيكولاته', '', 8),
(50, 'كريب شيكولاته موز', '', 5),
(51, 'كريب شيكولاته جلاكسي', '', 5),
(52, 'كنز بيبسي', '', 5),
(53, ' كولوسلو', '', 5),
(54, '', '', 0),
(55, '', '', 0),
(56, '', '', 0),
(57, '', '', 0),
(58, '', '', 0),
(59, '', '', 0),
(60, 'بيتزا مارجريتا صغير', 'صغير', 20),
(61, 'بيتزا مارجريتا وسط', 'وسط', 25),
(62, 'بيتزا مارجريتا كبير', 'كبير', 30),
(63, 'بيتزا مارجريتا عائلي', 'عائلي', 40),
(64, 'بيتزا عشاق الجبن صغير', 'صغير', 25),
(65, 'بيتزا عشاق الجبن وسط', 'وسط', 30),
(66, 'بيتزا عشاق الجبن كبير', 'كبير', 35),
(67, 'بيتزا جبن عائلي', 'عائلي', 50),
(68, 'بيتزا سجق صغير', 'صغير', 25),
(69, 'بيتزا سجق وسط', 'وسط', 30),
(70, 'بيتزا سجق كبير ', 'كبير', 35),
(71, 'بيتزا سجق عائلي', 'عائلي', 50),
(72, 'بيتزا لحمه صغير', 'صغير', 27),
(73, 'بيتزا لحمه وسط', 'وسط', 32),
(74, 'بيتزا لحمه كبير', 'كبير', 37),
(75, 'بيتزا لحوم عائلي', 'عائلي', 65),
(76, 'بيتزا سوسيس صغير', 'صغير', 25),
(77, 'بيتزا سوسيس وسط', 'وسط', 30),
(78, 'بيتزا سوسيس كبير', 'كبير', 35),
(79, 'بيتزا سوسيس عائلي', 'عائلي', 50),
(80, 'بيتزا مشكل لحوم صغير', 'صغير', 30),
(81, 'بيتزا مشكل لحوم وسط', 'وسط', 35),
(82, 'بيتزا مشكل لحوم كبير', 'كبير', 40),
(83, 'بيتزا مشكل لحوم عائلي', 'عائلي', 65),
(84, 'بيتزا شيش صغير', 'صغير', 30),
(85, 'بيتزا شيش وسط', 'وسط', 35),
(86, 'بيتزا شيش كبير', 'كبير', 40),
(87, 'بيتزا شيش عائلي', 'عائلي', 55),
(88, 'بيتزا شاورما فراخ صغير', 'صغير', 30),
(89, 'بيتزا شاورما فراخ وسط', 'وسط', 35),
(90, 'بيتزا شاورما فراخ كبير', 'كبير', 40),
(91, 'بيتزا شاورما فراخ عائلي', 'عائلي', 65),
(92, 'بيتزا شاورما لحم صغير', 'صغير', 30),
(93, 'بيتزا شاورما لحم وسط', 'وسط', 35),
(94, 'بيتزا شاورما لحم كبير', 'كبير', 40),
(95, 'بيتزا شاورما لحم عائلي', 'عائلي', 65),
(96, 'بيتزا كرانشي صغير', 'صغير', 30),
(97, 'بيتزا كرانشي وسط', 'وسط', 35),
(98, 'بيتزا كرانشي كبير', 'كبير', 40),
(99, 'بيتزا كرانشي عائلي', 'عائلي', 65),
(100, 'بيتزا مشكل فراخ صغير', 'صغير', 42),
(101, 'بيتزا مشكل فراخ وسط', 'وسط', 37),
(102, 'بيتزا مشكل فراخ كبير', 'كبير', 42),
(103, 'بيتزا مشكل فراخ عائلي', 'عائلي', 65),
(104, 'بيتزا بسطرمه صغير', 'صغير', 30),
(105, 'بيتزا بسطرمه وسط', 'وسط', 35),
(106, 'بيتزا بسطرمه كبير', 'كبير', 40),
(107, 'بيتزا بسطرمه عائلي', 'عائلي', 60),
(108, 'بيتزا مشروم صغير', 'صغير', 25),
(109, 'بيتزا مشروم وسط', 'وسط', 30),
(110, 'بيتزا مشروم كبير', 'كبير', 35),
(111, 'بيتزا مشروم عائلي', 'عائلي', 60),
(112, 'بيتزا تونه صغير', 'صغير', 30),
(113, 'بيتزا تونه وسط', 'وسط', 35),
(114, 'بيتزا تونه كبير', 'كبير', 40),
(115, 'بيتزا تونه عائلي', 'عائلي', 65),
(116, 'بيتزا جمبري صغير', 'صغير', 37),
(117, 'بيتزا جمبري وسط', 'وسط', 42),
(118, 'بيتزا جمبري كبير', 'كبير', 47),
(119, 'بيتزا جمبري عائلي', 'عائلي', 80),
(120, 'بيتزا سي فود صغير', 'صغير', 37),
(121, 'بيتزا سي فود وسط', 'وسط', 42),
(122, 'بيتزا سي فود كبير', 'كبير', 47),
(123, 'بيتزا سي فود عائلي', 'عائلي', 80),
(124, 'اضافه جبن صغير', 'صغير', 5),
(125, 'اضافه جبن وسط', 'وسط', 7),
(126, 'اضافه جبن كبير', 'كبير', 10),
(127, 'اضافه جبن عائلي', 'عائلي', 15),
(128, 'اضافه فراخ صغير', 'صغير', 7),
(129, 'اضافه فراخ وسط', 'وسط', 10),
(130, 'اضافه فراخ كبير', 'كبير', 12),
(131, 'اضافه فراخ عائلي', 'عائلي', 15),
(132, 'اضافه لحوم صغير', 'صغير', 7),
(133, 'اضافه لحوم وسط', 'وسط', 10),
(134, 'اضافه لحوم كبير', 'كبير', 12),
(135, 'اضافه لحوم عائلي', 'عائلي', 15),
(136, 'اضافه سي فود صغير', 'صغير', 9),
(137, 'اضافه سي فود وسط', 'وسط', 12),
(138, 'اضافه سي فود كبير', 'كبير', 15),
(139, 'اضافه سي فود عائلي', 'عائلي', 20),
(140, 'فطيره خضرات وسط', 'وسط', 27),
(141, 'فطيره خضرات كبير', 'كبير', 32),
(142, 'فطيره عشاق الجبن وسط', 'وسط', 32),
(143, 'فطيره عشاق الجبن كبير', 'كبير', 37),
(144, 'فطيره سجق وسط', 'وسط', 32),
(145, 'فطيره سجق كبير', 'كبير', 37),
(146, 'فطيره لحمه وسط', 'وسط', 35),
(147, 'فطيره لحمه كبير', 'كبير', 40),
(148, 'فطيره سوسيس وسط', 'وسط', 32),
(149, 'فطيره سوسيس كبير', 'كبير', 37),
(150, 'فطيره مشكل لحوم وسط', 'وسط', 37),
(151, 'فطيره مشكل لحوم كبير', 'كبير', 42),
(152, 'فطيره شيش وسط', 'وسط', 37),
(153, 'فطيره شيش كبير', 'كبير', 42),
(154, 'فطيره شاورما فراخ وسط', 'وسط', 37),
(155, 'فطيره شاورما فراخ كبير', 'كبير', 42),
(156, 'فطيره شاورما لحم وسط', 'وسط', 37),
(157, 'فطيره شاورما لحم كبير', 'كبير', 42),
(158, 'فطيره كرانشي وسط', 'وسط', 37),
(159, 'فطيره كرانشي كبير', 'كبير', 42),
(160, 'فطيره مشكل فراخ وسط', 'وسط', 37),
(161, 'فطيره مشكل فراخ كبير', 'كبير', 42),
(162, 'فطيره بسطرمه وسط', 'وسط', 37),
(163, 'فطيره بسطرمه كبير', 'كبير', 42),
(164, 'فطيره مشروم وسط', 'وسط', 30),
(165, 'فطيره مشروم كبير', 'كبير', 35),
(166, 'فطيره تونه وسط', 'وسط', 37),
(167, 'فطيره تونه كبير', 'كبير', 42),
(168, 'فطيره جمبري وسط', 'وسط', 45),
(169, 'فطيره جمبري كبير', 'كبير', 50),
(170, 'فطيره سي فود وسط', 'وسط', 45),
(171, 'فطيره سي فود كبير', 'كبير', 50),
(172, 'مكرونه لحمه', '', 22),
(173, 'مكرونه سجق', '', 22),
(174, 'مكرونه مشكل جبن', '', 20),
(175, 'مكرونه نجرسكو فراخ', '', 32),
(176, 'مكرونه مشكل لحوم', '', 25),
(177, 'مكرونه سوسيس', '', 22),
(178, 'مكرونه نجرسكو لحمه', '', 32),
(179, 'مكرونه جمبري', '', 40),
(180, 'مكرونه سي فود', '', 40),
(181, 'فطيره قشطه وعسل وسط', 'وسط', 17),
(182, 'فطيره قشطه وعسل كبير', 'كبير', 30),
(183, 'فطيره بغاشه وسط', 'وسط', 10),
(184, 'فطيره بغاشه كبير', 'كبير', 20),
(185, 'فطيره كاستر وسط', 'وسط', 12),
(186, 'فطيره كاستر كبير', 'كبير', 25),
(187, 'فطيره فواكه وسط', 'وسط', 25),
(188, 'فطيره فواكه كبير', 'كبير', 35),
(189, 'فطيره مكسرات مشكل وسط', 'وسط', 25),
(190, 'فطيره مكسرات مشكل كبير', 'كبير', 35),
(191, 'فطيره شوكولاته مكسرات وسط', 'وسط', 27),
(192, 'فطيره شوكولاته مكسرات كبير', 'كبير', 35),
(193, 'فطيره مكس HOT وسط', 'وسط', 35),
(194, 'فطيره مكس HOT كبير', 'كبير', 45),
(195, 'اضافه مكسرات وسط', 'وسط', 5),
(196, 'اضافه مكسرات كبير', 'كبير', 7),
(197, 'اضافه شوكولاته وسط', 'وسط', 7),
(198, 'اضافه شوكولاته كبير', 'كبير', 5),
(199, 'باكيت بطاطس كبير', 'كبير', 10),
(200, 'مخلل', '', 5);

-- --------------------------------------------------------

--
-- Table structure for table `orders`
--

CREATE TABLE `orders` (
  `order_id` int(11) NOT NULL,
  `order_quantity` int(11) NOT NULL DEFAULT 1,
  `item_id` int(11) NOT NULL
) ENGINE=InnoDB DEFAULT CHARSET=utf8mb4;

--
-- Dumping data for table `orders`
--

INSERT INTO `orders` (`order_id`, `order_quantity`, `item_id`) VALUES
(1, 1, 2),
(1, 1, 6),
(2, 1, 15),
(2, 1, 16),
(2, 1, 20),
(3, 1, 81),
(3, 1, 85),
(4, 1, 89),
(4, 1, 105),
(5, 1, 4),
(5, 1, 7),
(5, 1, 16),
(5, 1, 22),
(6, 1, 7),
(6, 1, 10),
(7, 1, 85),
(7, 1, 89),
(7, 1, 101),
(8, 7, 24),
(8, 1, 65),
(8, 1, 130),
(8, 1, 185),
(8, 1, 189),
(8, 1, 197),
(9, 1, 105);

--
-- Indexes for dumped tables
--

--
-- Indexes for table `admins`
--
ALTER TABLE `admins`
  ADD UNIQUE KEY `username` (`username`);

--
-- Indexes for table `cashiers`
--
ALTER TABLE `cashiers`
  ADD PRIMARY KEY (`cashier_id`),
  ADD UNIQUE KEY `cashier_email` (`cashier_email`);

--
-- Indexes for table `clients`
--
ALTER TABLE `clients`
  ADD PRIMARY KEY (`client_id`);

--
-- Indexes for table `dates`
--
ALTER TABLE `dates`
  ADD PRIMARY KEY (`order_id`),
  ADD KEY `cashier_id` (`cashier_id`),
  ADD KEY `client_id` (`client_id`);

--
-- Indexes for table `items`
--
ALTER TABLE `items`
  ADD PRIMARY KEY (`item_id`);

--
-- Indexes for table `orders`
--
ALTER TABLE `orders`
  ADD PRIMARY KEY (`order_id`,`item_id`),
  ADD KEY `item_id` (`item_id`);

--
-- AUTO_INCREMENT for dumped tables
--

--
-- AUTO_INCREMENT for table `cashiers`
--
ALTER TABLE `cashiers`
  MODIFY `cashier_id` int(11) NOT NULL AUTO_INCREMENT, AUTO_INCREMENT=42;

--
-- AUTO_INCREMENT for table `clients`
--
ALTER TABLE `clients`
  MODIFY `client_id` int(11) NOT NULL AUTO_INCREMENT, AUTO_INCREMENT=50;

--
-- AUTO_INCREMENT for table `items`
--
ALTER TABLE `items`
  MODIFY `item_id` int(11) NOT NULL AUTO_INCREMENT, AUTO_INCREMENT=206;

--
-- AUTO_INCREMENT for table `orders`
--
ALTER TABLE `orders`
  MODIFY `order_id` int(11) NOT NULL AUTO_INCREMENT, AUTO_INCREMENT=207;

--
-- Constraints for dumped tables
--

--
-- Constraints for table `dates`
--
ALTER TABLE `dates`
  ADD CONSTRAINT `dates_ibfk_1` FOREIGN KEY (`order_id`) REFERENCES `orders` (`order_id`),
  ADD CONSTRAINT `dates_ibfk_2` FOREIGN KEY (`cashier_id`) REFERENCES `cashiers` (`cashier_id`),
  ADD CONSTRAINT `dates_ibfk_3` FOREIGN KEY (`client_id`) REFERENCES `clients` (`client_id`);

--
-- Constraints for table `orders`
--
ALTER TABLE `orders`
  ADD CONSTRAINT `orders_ibfk_2` FOREIGN KEY (`item_id`) REFERENCES `items` (`item_id`);
COMMIT;

/*!40101 SET CHARACTER_SET_CLIENT=@OLD_CHARACTER_SET_CLIENT */;
/*!40101 SET CHARACTER_SET_RESULTS=@OLD_CHARACTER_SET_RESULTS */;
/*!40101 SET COLLATION_CONNECTION=@OLD_COLLATION_CONNECTION */;
